## mysql sql language notes ###

# check exists database #
	mysql> show databases;
	mysql> use information_schema;
	mysql> show tables;
	mysql> show tables from information_schema;
	mysql> show columns from schemata;
	mysql> help show;

# manipulate database #
	mysql> create database technology;
	mysql> drop database technology;

# manipulate table #

mysql> create table video_tbl(
    -> video_id INT NOT NULL AUTO_INCREMENT,
    -> video_name VARCHAR(100) NOT NULL,
    -> video_author VARCHAR(50) NOT NULL,
    -> comp_date DATE,
    -> primary key (video_id)
    -> );

mysql> drop table video_tbl;


mysql> insert into video_tbl
    -> (video_name, video_author, comp_date)
    -> values
    -> ("Python", "James", NOW());

mysql> select * from video_tbl;

mysql> select * from video_tbl where video_author="James";

mysql> update video_tbl
    -> set video_author='Zoe'
    -> where video_id=3;

mysql> delete from video_tbl where video_id=6;

mysql> select * from video_tbl where video_author like '%es';

mysql> select * from video_tbl order by video_author asc;
mysql> select * from video_tbl order by video_author desc;


mysql> select a.video_id, a.video_author, b.movie_count
    -> from video_tbl a, movie_cnt b
    -> where a.video_author = b.video_author;

mysql> select * from movie_cnt where movie_count is NULL;
mysql> select * from movie_cnt where movie_count is NOT NULL;

# create temporary table #
mysql> create temporary table summary(
    -> video_name VARCHAR(50) NOT NULL,
    -> total_video INT NOT NULL DEFAULT 0);

# modify table structure #
mysql> create table sample_tbl(
    -> a INT,
    -> b CHAR(20));

mysql> alter table sample_tbl drop a;
mysql> alter table sample_tbl add a INT;
mysql> alter table sample_tbl modify b CHAR(10);
mysql> alter table sample_tbl rename to another_tbl;

# distinct about duplicate record #
mysql> select distinct video_author from video_tbl order by video_author;


# primary key and foreign key #

mysql> show create table actor\G
*************************** 1. row ***************************
       Table: actor
Create Table: CREATE TABLE `actor` (
  `actor_id` smallint(5) unsigned NOT NULL AUTO_INCREMENT,
  `first_name` varchar(45) NOT NULL,
  `last_name` varchar(45) NOT NULL,
  `last_update` timestamp NOT NULL DEFAULT CURRENT_TIMESTAMP ON UPDATE
CURRENT_TIMESTAMP,
  PRIMARY KEY (`actor_id`),
  KEY `idx_actor_last_name` (`last_name`)
) ENGINE=InnoDB AUTO_INCREMENT=201 DEFAULT CHARSET=utf8
1 row in set (0.00 sec)

mysql> show create table film_actor\G
*************************** 1. row ***************************
       Table: film_actor
Create Table: CREATE TABLE `film_actor` (
  `actor_id` smallint(5) unsigned NOT NULL,
  `film_id` smallint(5) unsigned NOT NULL,
  `last_update` timestamp NOT NULL DEFAULT CURRENT_TIMESTAMP ON UPDATE
CURRENT_TIMESTAMP,
  PRIMARY KEY (`actor_id`,`film_id`),
  KEY `idx_fk_film_id` (`film_id`),
  CONSTRAINT `fk_film_actor_actor` FOREIGN KEY (`actor_id`) REFERENCES `actor`
(`actor_id`) ON UPDATE CASCADE,
  CONSTRAINT `fk_film_actor_film` FOREIGN KEY (`film_id`) REFERENCES `film`
(`film_id`) ON UPDATE CASCADE
) ENGINE=InnoDB DEFAULT CHARSET=utf8
1 row in set (0.00 sec)

